Id,x,y,z,roll,pitch,yaw
1.0,0.5424128973695301,-0.2265697105432037,-0.4518130924910043,0.027978685996521153,0.029179329597644726,1.620926543599462
2.0,0.5553359154213521,-0.12176950153168863,-0.45464923207058666,-0.02994536470275646,-0.03120037567043312,-1.6667953725901243
3.0,0.6411135650243172,-0.27061660321090203,-0.461552920981707,-0.027592229268076026,-0.07630493991212606,-1.7380164767290172
4.0,0.6421049437501299,-0.12605474099223235,-0.4550435018954277,0.022969104244548115,0.03197773393495915,1.5365202082841432
