Id,x,y,z,roll,pitch,yaw
1.0,0.6497130139025675,-0.12464475426443751,-0.4610980781232973,-0.0025934441442767397,0.036207826877959336,0.0033948500181555344
2.0,0.5723182018301036,-0.304989410707101,-0.4742054090461815,0.0017285505367459436,-0.07934966622497625,-1.4688390734053287
3.0,0.6543610549019445,-0.28059155593910484,-0.45930021343986366,-0.0013000137961780914,-0.004773516524425624,-1.3396265412448918
4.0,0.549051803641838,-0.1506669853788006,-0.43596790984198475,-0.08672512765559788,0.006473092380033452,-1.5429895768068078
