Id,x,y,z,roll,pitch,yaw
1.0,0.5963234662057784,-0.1340919652895558,-0.4479040852309535,-0.0008024464811519649,-0.031268499986601854,-3.0824186997120946
2.0,0.612299436983174,-0.24200798600309975,-0.4687074448010797,-0.0005580955240628323,-0.06776251330607617,-1.5610323702666675
3.0,0.7144417694477716,-0.13307770403730915,-0.46492904079842,-0.01695436472847547,0.051549601234612226,1.6282097488111176
4.0,0.7329921517686009,-0.2418792628963528,-0.46624838389822787,-0.037470223728298786,0.03556652013915595,0.0020849256938681965
