Id,x,y,z,roll,pitch,yaw
1.0,0.6204676187716784,-0.23236468133885904,-0.4614753651206482,-0.054747703878104244,-0.021258940975043373,-0.010541418668776302
2.0,0.7529358380771944,-0.23822278247921158,-0.4745754306612343,-0.005496123057042226,0.05421783586194442,1.537383850421178
3.0,0.7142240928674342,-0.13023732230882984,-0.4446834483024962,-0.044338810055398845,-0.014819031498318902,-1.645972285271196
4.0,0.5995620572547464,-0.11898682850398935,-0.4526283498322864,0.039351787287587064,0.04309035351335231,3.1191150012464592
